{
  "embedding_only": {
    "logistic_regression": {
      "model_name": "logistic_regression",
      "average_precision": 0.2151193845827653,
      "precision": 0.7727272727272727,
      "recall": 0.037694013303769404,
      "f1": 0.07188160676532769,
      "roc_auc": 0.6535636349988473,
      "train_rows": 15000,
      "test_rows": 5000
    },
    "random_forest": {
      "model_name": "random_forest",
      "average_precision": 0.3457368086688844,
      "precision": 0.7738095238095238,
      "recall": 0.14412416851441243,
      "f1": 0.24299065420560748,
      "roc_auc": 0.7144278682140125,
      "train_rows": 15000,
      "test_rows": 5000
    }
  },
  "combined_graph_features_and_embeddings": {
    "logistic_regression": {
      "model_name": "logistic_regression",
      "average_precision": 0.5080680960219741,
      "precision": 0.6231155778894473,
      "recall": 0.2749445676274945,
      "f1": 0.38153846153846155,
      "roc_auc": 0.8886405189318186,
      "train_rows": 15000,
      "test_rows": 5000
    },
    "random_forest": {
      "model_name": "random_forest",
      "average_precision": 0.6490390173941583,
      "precision": 0.7386363636363636,
      "recall": 0.43237250554323725,
      "f1": 0.5454545454545454,
      "roc_auc": 0.9223639707369717,
      "train_rows": 15000,
      "test_rows": 5000
    }
  }
}