{
  "logistic_regression": {
    "model_name": "logistic_regression",
    "average_precision": 0.8409955044958685,
    "precision": 0.9625,
    "recall": 0.6829268292682927,
    "f1": 0.7989623865110247,
    "roc_auc": 0.9431662815199268,
    "train_rows": 15000,
    "test_rows": 5000
  },
  "random_forest": {
    "model_name": "random_forest",
    "average_precision": 0.8632543479316642,
    "precision": 0.9627118644067797,
    "recall": 0.6297117516629712,
    "f1": 0.7613941018766756,
    "roc_auc": 0.961254611646818,
    "train_rows": 15000,
    "test_rows": 5000
  }
}