{
  "embedding_only": {
    "logistic_regression": {
      "model_name": "logistic_regression",
      "average_precision": 0.2151193845827653,
      "precision": 0.7727272727272727,
      "recall": 0.037694013303769404,
      "f1": 0.07188160676532769,
      "roc_auc": 0.6535636349988473,
      "train_rows": 15000,
      "test_rows": 5000
    },
    "random_forest": {
      "model_name": "random_forest",
      "average_precision": 0.3457368086688844,
      "precision": 0.7738095238095238,
      "recall": 0.14412416851441243,
      "f1": 0.24299065420560748,
      "roc_auc": 0.7144278682140125,
      "train_rows": 15000,
      "test_rows": 5000
    }
  },
  "combined_graph_features_and_embeddings": {
    "logistic_regression": {
      "model_name": "logistic_regression",
      "average_precision": 0.8389284804345789,
      "precision": 0.9535603715170279,
      "recall": 0.6829268292682927,
      "f1": 0.7958656330749354,
      "roc_auc": 0.942260646451865,
      "train_rows": 15000,
      "test_rows": 5000
    },
    "random_forest": {
      "model_name": "random_forest",
      "average_precision": 0.8590301571582257,
      "precision": 0.9689655172413794,
      "recall": 0.623059866962306,
      "f1": 0.7584345479082322,
      "roc_auc": 0.9630112902180203,
      "train_rows": 15000,
      "test_rows": 5000
    }
  }
}