{
  "logistic_regression": {
    "model_name": "logistic_regression",
    "average_precision": 0.777890869474506,
    "precision": 0.9834983498349835,
    "recall": 0.6607538802660754,
    "f1": 0.7904509283819628,
    "roc_auc": 0.888660503343977,
    "train_rows": 15000,
    "test_rows": 5000
  },
  "random_forest": {
    "model_name": "random_forest",
    "average_precision": 0.7853733419719915,
    "precision": 0.9517241379310345,
    "recall": 0.6119733924611973,
    "f1": 0.7449392712550608,
    "roc_auc": 0.9097562437883816,
    "train_rows": 15000,
    "test_rows": 5000
  }
}